Session details: Opening Keynote,https://dl.acm.org/doi/10.1145/3314771
"Pursuing the Dream: A 50-Year Perspective on American Society, Technology, and Inclusion in Computing",https://dl.acm.org/doi/10.1145/3287324.3290951
Session details: Paper Session: Data,https://dl.acm.org/doi/10.1145/3314772
A Module-based Approach to Teaching Big data and Cloud Computing Topics at CS Undergraduate Level,https://dl.acm.org/doi/10.1145/3287324.3287494
Embracing the Liberal Arts in an Interdisciplinary Data Analytics Program,https://dl.acm.org/doi/10.1145/3287324.3287436
A Novel Course in Data Systems with Minimal Prerequisites,https://dl.acm.org/doi/10.1145/3287324.3287425
Session details: Paper Session: Collaboration and Communication,https://dl.acm.org/doi/10.1145/3314773
Investigating the Impact of Group Size on Non-Programming Exercises in CS Education Courses,https://dl.acm.org/doi/10.1145/3287324.3287400
"Developing Soft and Technical Skills Through Multi-Semester, Remotely Mentored, Community-Service Projects",https://dl.acm.org/doi/10.1145/3287324.3287508
Does Social Sensitivity Impact Virtual Teams?,https://dl.acm.org/doi/10.1145/3287324.3287409
Session details: Paper Session: Enrollment & Retention,https://dl.acm.org/doi/10.1145/3314774
Student Performance in Computing Courses in the face of Growing Enrollments,https://dl.acm.org/doi/10.1145/3287324.3287354
Understanding Who Enrolls in Introductory Computing Courses at Community Colleges,https://dl.acm.org/doi/10.1145/3287324.3287402
Can Sending First and Second Year Computing Students to Technical Conferences Help Retention?,https://dl.acm.org/doi/10.1145/3287324.3287349
Session details: Paper Session: Tools 1,https://dl.acm.org/doi/10.1145/3314775
Stride in BlueJ -- Computing for All in an Educational IDE,https://dl.acm.org/doi/10.1145/3287324.3287462
uAssign: Scalable Interactive Activities for Teaching the Unix Terminal,https://dl.acm.org/doi/10.1145/3287324.3287458
MYR: A Web-Based Platform for Teaching Coding Using VR,https://dl.acm.org/doi/10.1145/3287324.3287482
Session details: Paper Session: Practice & Problems,https://dl.acm.org/doi/10.1145/3314776
Exploring the Applicability of Simple Syntax Writing Practice for Learning Programming,https://dl.acm.org/doi/10.1145/3287324.3287378
Stochastic Tree-Based Generation of Program-Tracing Practice Questions,https://dl.acm.org/doi/10.1145/3287324.3287492
Exploring the Impact of Worked Examples in a Novice Programming Environment,https://dl.acm.org/doi/10.1145/3287324.3287385
Session details: Paper Session: Process & Performance,https://dl.acm.org/doi/10.1145/3314777
Coding Demonstration Videos for CS1,https://dl.acm.org/doi/10.1145/3287324.3287445
Exploring the Value of Different Data Sources for Predicting Student Performance in Multiple CS Courses,https://dl.acm.org/doi/10.1145/3287324.3287407
The PyramidSnapshot Challenge: Understanding Student Process from Visual Output of Programs,https://dl.acm.org/doi/10.1145/3287324.3287386
Session details: Paper Session: Autograders,https://dl.acm.org/doi/10.1145/3314778
"Approaches for Coordinating eTextbooks, Online Programming Practice, Automated Grading, and More into One Course",https://dl.acm.org/doi/10.1145/3287324.3287487
Autograding Distributed Algorithms in Networked Containers,https://dl.acm.org/doi/10.1145/3287324.3287505
Comparing Jailed Sandboxes vs Containers Within an Autograding System,https://dl.acm.org/doi/10.1145/3287324.3287507
Session details: Paper Session: Capstones & Projects,https://dl.acm.org/doi/10.1145/3314779
Trial by Flyer: Building Quadcopters From Scratch in a Ten-Week Capstone Course,https://dl.acm.org/doi/10.1145/3287324.3287451
Redesigning a Software Development Course as a Preparation for a Capstone: An Experience Report,https://dl.acm.org/doi/10.1145/3287324.3287498
Experiential Learning of Software Project Management and Software Development via Course Collaboration,https://dl.acm.org/doi/10.1145/3287324.3287457
Propagating Educational Innovations,https://dl.acm.org/doi/10.1145/3287324.3287526
Rethinking Debugging as Productive Failure for CS Education,https://dl.acm.org/doi/10.1145/3287324.3287333
Special Session: Process Skills in Computer Science,https://dl.acm.org/doi/10.1145/3287324.3287520
Cybersecurity Program Accreditation: Benefits and Challenges,https://dl.acm.org/doi/10.1145/3287324.3287325
What Have We Talked About?,https://dl.acm.org/doi/10.1145/3287324.3287441
CS Education Then and Now: Recollections and Reflections,https://dl.acm.org/doi/10.1145/3287324.3287328
Session details: First Timer's Lunch Keynote & 2019 SIGCSE Award for Lifetime Service to the Computer Science Education Community,https://dl.acm.org/doi/10.1145/3314780
A Top-Ten List for 50-50,https://dl.acm.org/doi/10.1145/3287324.3290952
Session details: Paper Session: Databases,https://dl.acm.org/doi/10.1145/3314781
A Learning Platform for SQL Injection,https://dl.acm.org/doi/10.1145/3287324.3287490
');DROP TABLE textbooks;--: An Argument for SQL Injection Coverage in Database Textbooks,https://dl.acm.org/doi/10.1145/3287324.3287429
What to Expect and What to Focus on in SQL Query Teaching,https://dl.acm.org/doi/10.1145/3287324.3287359
Session details: Paper Session: Software Engineering,https://dl.acm.org/doi/10.1145/3314782
Perceived Benefits and Challenges of Learning Startup Methodologies for Software Engineering Students,https://dl.acm.org/doi/10.1145/3287324.3287382
Motivating Students Beyond Course Requirements with a Serious Game,https://dl.acm.org/doi/10.1145/3287324.3287364
Active Learning with LEGO for Software Requirements,https://dl.acm.org/doi/10.1145/3287324.3287444
Session details: Paper Session: Advanced Topics,https://dl.acm.org/doi/10.1145/3314783
Effects of a Pathfinding Program Visualization on Algorithm Development,https://dl.acm.org/doi/10.1145/3287324.3287391
Teaching Android Mobile Security,https://dl.acm.org/doi/10.1145/3287324.3287406
Allowing and Fully Supporting Multiple Programming Languages in a Computer Graphics Course: An Experience,https://dl.acm.org/doi/10.1145/3287324.3287464
Session details: Paper Session: Feedback,https://dl.acm.org/doi/10.1145/3314784
An Approach to Generate Virtual Tutors for Game Programming Classes,https://dl.acm.org/doi/10.1145/3287324.3287414
Pensieve: Feedback on Coding Process for Novices,https://dl.acm.org/doi/10.1145/3287324.3287483
Experiences Using Heat Maps to Help Students Find Their Bugs: Problems and Solutions,https://dl.acm.org/doi/10.1145/3287324.3287474
Session details: Paper Session: Active Learning,https://dl.acm.org/doi/10.1145/3314785
On the Effects of Active Learning Environments in Computing Education,https://dl.acm.org/doi/10.1145/3287324.3287345
Supporting Guided Inquiry with Cooperative Learning in Computer Organization,https://dl.acm.org/doi/10.1145/3287324.3287355
POGIL in Computer Science: Faculty Motivation and Challenges,https://dl.acm.org/doi/10.1145/3287324.3287360
Session details: Paper Session: Gender,https://dl.acm.org/doi/10.1145/3314786
Living-Learning Community for Women in Computer Science at Rutgers,https://dl.acm.org/doi/10.1145/3287324.3287449
Achieving Gender Balance through Creative Expression,https://dl.acm.org/doi/10.1145/3287324.3287435
Gender-balanced TAs from an Unbalanced Student Body,https://dl.acm.org/doi/10.1145/3287324.3287404
Session details: Paper Session: Curriculum Issues 1,https://dl.acm.org/doi/10.1145/3314787
"PythonSneks: An Open-Source, Instructionally-Designed Introductory Curriculum with Action-Design Research",https://dl.acm.org/doi/10.1145/3287324.3287428
Defining and Designing Computer Science Education in a K12 Public School District,https://dl.acm.org/doi/10.1145/3287324.3287440
Developing Implementation Measures for K-12 Computer Science Curriculum Materials,https://dl.acm.org/doi/10.1145/3287324.3287424
Including Embedded Systems in CS: Why? When? and How?,https://dl.acm.org/doi/10.1145/3287324.3287327
Where Are We Now?: Results from a National Study of Computer Science Teachers and Teaching,https://dl.acm.org/doi/10.1145/3287324.3287515
The New NSF Requirement for Broadening Participation in Computing (BPC) Plans: Community Advice and Resources,https://dl.acm.org/doi/10.1145/3287324.3287332
Shaping Curricular Guidelines for Associate-Degree Cybersecurity Programs,https://dl.acm.org/doi/10.1145/3287324.3287516
SIGCSE Reads 2019: Discussion and Q & A,https://dl.acm.org/doi/10.1145/3287324.3287524
Session details: Session: SIGCSE@50 - CS1,https://dl.acm.org/doi/10.1145/3314788
50 Years of CS1 at SIGCSE: A Review of the Evolution of Introductory Programming Education Research,https://dl.acm.org/doi/10.1145/3287324.3287432
Session details: Paper Session: Camps,https://dl.acm.org/doi/10.1145/3314789
Camp or College?,https://dl.acm.org/doi/10.1145/3287324.3287373
A Middle-School Code Camp Emphasizing Digital Humanities,https://dl.acm.org/doi/10.1145/3287324.3287509
A Middle-School Camp Emphasizing Data Science and Computing for Social Good,https://dl.acm.org/doi/10.1145/3287324.3287510
Session details: Paper Session: Story & Video,https://dl.acm.org/doi/10.1145/3314790
Podcast Highlights: Targeted Educational Videos From Repurposed Lecture-capture Footage,https://dl.acm.org/doi/10.1145/3287324.3287465
Student-Generated Videos for Promoting Better Attitudes towards Cryptography,https://dl.acm.org/doi/10.1145/3287324.3287455
Story Programming: Explaining Computer Science Before Coding,https://dl.acm.org/doi/10.1145/3287324.3287397
Session details: Paper Session: Games & Gamification,https://dl.acm.org/doi/10.1145/3314791
OneUp: Engaging Students in a Gamified Data Structures Course,https://dl.acm.org/doi/10.1145/3287324.3287480
Program Wars: A Card Game for Learning Programming and Cybersecurity Concepts,https://dl.acm.org/doi/10.1145/3287324.3287496
Analyzing Gamification Impact on a Mastery Learning Introductory Programming Course,https://dl.acm.org/doi/10.1145/3287324.3287367
Session details: Paper Session: Testing 1,https://dl.acm.org/doi/10.1145/3314792
Assessing Incremental Testing Practices and Their Impact on Project Outcomes,https://dl.acm.org/doi/10.1145/3287324.3287366
Pragmatic Software Testing Education,https://dl.acm.org/doi/10.1145/3287324.3287461
Software Testing in Introductory Programming Courses: A Systematic Mapping Study,https://dl.acm.org/doi/10.1145/3287324.3287384
Session details: Paper Session: Computation Thinking 1,https://dl.acm.org/doi/10.1145/3314793
The Zones of Proximal Flow Tutorial: Designing Computational Thinking Cliffhangers,https://dl.acm.org/doi/10.1145/3287324.3287361
Infusing Computational Thinking Across Disciplines: Reflections & Lessons Learned,https://dl.acm.org/doi/10.1145/3287324.3287469
Building Computational Creativity in an Online Course for Non-Majors,https://dl.acm.org/doi/10.1145/3287324.3287346
Session details: Paper Session: Assessment 1,https://dl.acm.org/doi/10.1145/3314794
Facilitating Course Assessment with a Competitive Programming Platform,https://dl.acm.org/doi/10.1145/3287324.3287511
Development of a Lean Computational Thinking Abilities Assessment for Middle Grades Students,https://dl.acm.org/doi/10.1145/3287324.3287390
On the Fairness of Multiple-Variant Multiple-Choice Examinations,https://dl.acm.org/doi/10.1145/3287324.3287357
Session details: Paper Session: Teaching Practice 1,https://dl.acm.org/doi/10.1145/3314795
Teaching Explicit Programming Strategies to Adolescents,https://dl.acm.org/doi/10.1145/3287324.3287371
Teachers' Experiences of using PRIMM to Teach Programming in School,https://dl.acm.org/doi/10.1145/3287324.3287477
Survey Results on Why CS Faculty Adopt New Teaching Practices,https://dl.acm.org/doi/10.1145/3287324.3287420
Broadening Participation in Computing: Putting Our Work in Context,https://dl.acm.org/doi/10.1145/3287324.3287330
Special Session: AI for K-12 Guidelines Initiative,https://dl.acm.org/doi/10.1145/3287324.3287525
"The Reality of Inclusion: The Role of Relationships, Identity, and Academic Culture in Inclusive and Equitable Practices for Broadening Participation in Computing Education",https://dl.acm.org/doi/10.1145/3287324.3287337
ACM Task Force on Data Science Education: Draft Report and Opportunity for Feedback,https://dl.acm.org/doi/10.1145/3287324.3287522
CS Principles Higher Education Pathways,https://dl.acm.org/doi/10.1145/3287324.3287342
Negotiating Varied Research Goals in Computing Education Research,https://dl.acm.org/doi/10.1145/3287324.3287329
Session details: Morning Keynote & 2019 SIGCSE Award for Outstanding Contribution to Computer Science Education,https://dl.acm.org/doi/10.1145/3314796
Computing Education as a Foundation for 21st Century Literacy,https://dl.acm.org/doi/10.1145/3287324.3290953
Session details: Paper Session: Online,https://dl.acm.org/doi/10.1145/3314797
Understanding Learning Curves and Trajectories in CSS Layout,https://dl.acm.org/doi/10.1145/3287324.3287387
Captioning Online Course Videos: An Investigation into Knowledge Retention and Student Perception,https://dl.acm.org/doi/10.1145/3287324.3287347
Facing Backwards While Stumbling Forwards: The Future of Teaching Web Development,https://dl.acm.org/doi/10.1145/3287324.3287433
Session details: Paper Session: Mistakes and Errors,https://dl.acm.org/doi/10.1145/3314798
The Error Behind The Message: Finding the Cause of Error Messages in Python,https://dl.acm.org/doi/10.1145/3287324.3287381
First Things First: Providing Metacognitive Scaffolding for Interpreting Problem Prompts,https://dl.acm.org/doi/10.1145/3287324.3287374
The Error Landscape: Characterizing the Mistakes of Novice Programmers,https://dl.acm.org/doi/10.1145/3287324.3287394
Session details: Paper Session: Instruments 1,https://dl.acm.org/doi/10.1145/3314799
How Many Abilities Can We Measure in Computational Thinking?: A Study on Bebras Challenge,https://dl.acm.org/doi/10.1145/3287324.3287405
(Re)Validating Cognitive Introductory Computing Instruments,https://dl.acm.org/doi/10.1145/3287324.3287372
A Topical Review of Evaluation Instruments for Computing Education,https://dl.acm.org/doi/10.1145/3287324.3287393
Session details: Paper Session: Testing 2,https://dl.acm.org/doi/10.1145/3314800
Automating Systems Course Unit and Integration Testing: Experience Report,https://dl.acm.org/doi/10.1145/3287324.3287502
Gamifying a Software Testing Course with Code Defenders,https://dl.acm.org/doi/10.1145/3287324.3287471
Measuring Unit Test Accuracy,https://dl.acm.org/doi/10.1145/3287324.3287351
Session details: Paper Session: Teaching Practice 2,https://dl.acm.org/doi/10.1145/3314801
An Analysis of Using Many Small Programs in CS1,https://dl.acm.org/doi/10.1145/3287324.3287466
Reducing Instructor Workload in an Introductory Robotics Course via Computational Design,https://dl.acm.org/doi/10.1145/3287324.3287506
Frequency of Instructor- and Student-Centered Teaching Practices in Introductory CS Courses,https://dl.acm.org/doi/10.1145/3287324.3287363
Session details: Paper Session: Assessment 2,https://dl.acm.org/doi/10.1145/3314802
Harnessing the Wisdom of the Classes: Classsourcing and Machine Learning for Assessment Instrument Generation,https://dl.acm.org/doi/10.1145/3287324.3287504
An Assessment of Oral Exams in Introductory CS,https://dl.acm.org/doi/10.1145/3287324.3287489
On the Effect of Question Ordering on Performance and Confidence in Computer Science Examinations,https://dl.acm.org/doi/10.1145/3287324.3287398
Session details: Paper Session: CS1 1,https://dl.acm.org/doi/10.1145/3314803
Beauty and Joy of Computing: 2016-17 Findings from an AP CS Principles course,https://dl.acm.org/doi/10.1145/3287324.3287375
Implementing EarSketch: Connecting Classroom Implementation to Student Outcomes,https://dl.acm.org/doi/10.1145/3287324.3287379
Food for Thought: Supporting African American Women's Computational Algorithmic Thinking in an Intro CS Course,https://dl.acm.org/doi/10.1145/3287324.3287484
This is What Diversity Looks Like: Making CS Curriculum Culturally Relevant for Spanish-speaking Communities,https://dl.acm.org/doi/10.1145/3287324.3287339
Civic Engagement Across the Computing Curriculum,https://dl.acm.org/doi/10.1145/3287324.3287335
Exploring our Privilege: Activities and Discussions,https://dl.acm.org/doi/10.1145/3287324.3287512
Computing Curricula 2020: Introduction and Community Engagement,https://dl.acm.org/doi/10.1145/3287324.3287517
Special Session: A Discussion of Research Practice Partnerships in CS Education,https://dl.acm.org/doi/10.1145/3287324.3287523
Going Beyond the Platitudes of Equity: Developing a Shared Vision for Equity in Computer Science Education,https://dl.acm.org/doi/10.1145/3287324.3287331
Session details: Paper Session: Professional Tools & Practice,https://dl.acm.org/doi/10.1145/3314804
Interactive Peer-Led Code Reviews In CS2 Curricula,https://dl.acm.org/doi/10.1145/3287324.3287442
Static Analyses in Python Programming Courses,https://dl.acm.org/doi/10.1145/3287324.3287503
Using GitHub in the Classroom Predicts Student Learning Outcomes and Classroom Experiences: Findings from a Survey of Students and Teachers,https://dl.acm.org/doi/10.1145/3287324.3287460
Session details: Paper Session: Student Success,https://dl.acm.org/doi/10.1145/3314805
"Early Programming Education and Career Orientation: The Effects of Gender, Self-Efficacy, Motivation and Stereotypes",https://dl.acm.org/doi/10.1145/3287324.3287358
The Academic Enhancement Program: Assessing Programs Designed to Support Student Success,https://dl.acm.org/doi/10.1145/3287324.3287422
Speed and Studying: Gendered Pathways to Success,https://dl.acm.org/doi/10.1145/3287324.3287417
Session details: Paper Session: Instruments 2,https://dl.acm.org/doi/10.1145/3314806
An Item Response Theory Evaluation of a Language-Independent CS1 Knowledge Assessment,https://dl.acm.org/doi/10.1145/3287324.3287370
A Gap Analysis of Noncognitive Constructs in Evaluation Instruments Designed for Computing Education,https://dl.acm.org/doi/10.1145/3287324.3287362
"Electronic Textiles in Computer Science Education: A Synthesis of Efforts to Broaden Participation, Increase Interest, and Deepen Learning",https://dl.acm.org/doi/10.1145/3287324.3287343
Session details: Paper Session: Security 1,https://dl.acm.org/doi/10.1145/3314807
Evaluation of Peer Instruction for Cybersecurity Education,https://dl.acm.org/doi/10.1145/3287324.3287403
From Midshipmen to Cyber Pros: Training Minority Naval Reserve Officer Training Corp Students for Cybersecurity,https://dl.acm.org/doi/10.1145/3287324.3287500
Topological Scoring of Concept Maps for Cybersecurity Education,https://dl.acm.org/doi/10.1145/3287324.3287495
Session details: Paper Session: Misconceptions,https://dl.acm.org/doi/10.1145/3314808
Automated Critique of Early Programming Antipatterns,https://dl.acm.org/doi/10.1145/3287324.3287463
A K-8 Debugging Learning Trajectory Derived from Research Literature,https://dl.acm.org/doi/10.1145/3287324.3287396
Learning to use Functions: The Relationship Between Misconceptions and Self-Efficacy,https://dl.acm.org/doi/10.1145/3287324.3287377
Session details: Paper Session: Accessibility,https://dl.acm.org/doi/10.1145/3314809
Educational Experiences of Blind Programmers,https://dl.acm.org/doi/10.1145/3287324.3287410
Computer Science Principles for Teachers of Blind and Visually Impaired Students,https://dl.acm.org/doi/10.1145/3287324.3287453
Accessible AST-Based Programming for Visually-Impaired Programmers,https://dl.acm.org/doi/10.1145/3287324.3287499
Session details: Paper Session: Session 5G: Curriculum Issues 2,https://dl.acm.org/doi/10.1145/3314810
From Clusters to Content: Using Code Clustering for Course Improvement,https://dl.acm.org/doi/10.1145/3287324.3287459
Applying Machine Learning to Improve Curriculum Design,https://dl.acm.org/doi/10.1145/3287324.3287430
The Relationship between Prerequisite Proficiency and Student Performance in an Upper-Division Computing Course,https://dl.acm.org/doi/10.1145/3287324.3287419
ACM Code of Ethics: Looking Back and Forging Ahead,https://dl.acm.org/doi/10.1145/3287324.3287519
Four Models for Including Community Colleges in Broadening Participation: A Call to Action,https://dl.acm.org/doi/10.1145/3287324.3287338
"Leading Conversations about Microaggressions, Bias, and Other Difficult Topics",https://dl.acm.org/doi/10.1145/3287324.3287518
Wrestling with Retention in the CS Major: Report from the ACM Retention Committee,https://dl.acm.org/doi/10.1145/3287324.3287326
Why and How to Spend a Sabbatical in Industry,https://dl.acm.org/doi/10.1145/3287324.3287334
Session details: Session: SIGCSE@50 - CS0,https://dl.acm.org/doi/10.1145/3314811
Punch Cards to Python: A Case Study of a CS0 Core Course,https://dl.acm.org/doi/10.1145/3287324.3287491
Session details: Paper Session: Physical Computing,https://dl.acm.org/doi/10.1145/3314812
Designing a Middle School Science Curriculum that Integrates Computational Thinking and Sensor Technology,https://dl.acm.org/doi/10.1145/3287324.3287476
One Size Fits All: Designing for Socialization in Physical Computing,https://dl.acm.org/doi/10.1145/3287324.3287423
CS0: Introducing Computing with Raspberry Pis,https://dl.acm.org/doi/10.1145/3287324.3287488
Session details: Paper Session: Professional Skills,https://dl.acm.org/doi/10.1145/3314813
Usage of Hints on Coding-Based Summative Assessments,https://dl.acm.org/doi/10.1145/3287324.3287472
A Collaborative Practicum Targeting Communication Skills for Computer Science Researchers,https://dl.acm.org/doi/10.1145/3287324.3287454
Understanding CS Undergraduate Students' Professional Development through the Lens of Internship Experiences,https://dl.acm.org/doi/10.1145/3287324.3287408
Session details: Paper Session: Attitudinal,https://dl.acm.org/doi/10.1145/3314814
Assessing the Attitudes Towards Computing Scale: A Survey Validation Study,https://dl.acm.org/doi/10.1145/3287324.3287369
Are You Game?,https://dl.acm.org/doi/10.1145/3287324.3287411
Factors That Influence Students' Motivation and Perception of Studying Computer Science,https://dl.acm.org/doi/10.1145/3287324.3287395
Session details: Paper Session: Security 2,https://dl.acm.org/doi/10.1145/3314815
Introducing Practical SHA-1 Collisions to the Classroom,https://dl.acm.org/doi/10.1145/3287324.3287446
Teaching Cybersecurity with Networked Robots,https://dl.acm.org/doi/10.1145/3287324.3287450
Fakesbook: A social networking platform for teaching security and privacy concepts to secondary school students,https://dl.acm.org/doi/10.1145/3287324.3287486
Session details: Paper Session: Computational Thinking 2,https://dl.acm.org/doi/10.1145/3314816
Primary School Teachers' Conceptions of Computational Thinking,https://dl.acm.org/doi/10.1145/3287324.3287376
PRADA: A Practical Model for Integrating Computational Thinking in K-12 Education,https://dl.acm.org/doi/10.1145/3287324.3287431
"Computational Thinking in the Danish High School: Learning Coding, Modeling, and Content Knowledge with NetLogo",https://dl.acm.org/doi/10.1145/3287324.3287452
Session details: Paper Session: Systems,https://dl.acm.org/doi/10.1145/3314817
WatDFS: A Project for Understanding Distributed Systems in the Undergraduate Curriculum,https://dl.acm.org/doi/10.1145/3287324.3287473
Computer Organization and Design Course with FPGA Cloud,https://dl.acm.org/doi/10.1145/3287324.3287475
"Visualizing Classic Synchronization Problems: Dining Philosophers, Producers-Consumers, and Readers-Writers",https://dl.acm.org/doi/10.1145/3287324.3287467
Session details: Paper Session: CS1 2,https://dl.acm.org/doi/10.1145/3314818
Up or Down?: An Insight into Programmer's Acquisition of Iteration Skills,https://dl.acm.org/doi/10.1145/3287324.3287350
Can You Teach Me To Machine Learn?,https://dl.acm.org/doi/10.1145/3287324.3287392
Self-paced Mastery Learning CS1,https://dl.acm.org/doi/10.1145/3287324.3287481
"Microteaching: Recursion, Coding Style, Creative Coding, Inheritance and Polymorphism, Loops, and the Internet",https://dl.acm.org/doi/10.1145/3287324.3287514
Community College Transfer Pathways,https://dl.acm.org/doi/10.1145/3287324.3287336
Curious about Student Participation in Humanitarian Open Source Software?,https://dl.acm.org/doi/10.1145/3287324.3287521
Session details: Session: SIGCSE@50 - Broadening Participation,https://dl.acm.org/doi/10.1145/3314819
"""You don't have to be a white male that was learning how to program since he was five""",https://dl.acm.org/doi/10.1145/3287324.3287383
Session details: Keynote,https://dl.acm.org/doi/10.1145/3314820
Cybersecurity is Not a Fad: Why Cyber is a Game Changer for Computer Science Education,https://dl.acm.org/doi/10.1145/3287324.3290954
Session details: Paper Session: Professional Development 1,https://dl.acm.org/doi/10.1145/3314821
Assessing In-service Teachers' Development of Computational Thinking Practices in Teacher Development Courses,https://dl.acm.org/doi/10.1145/3287324.3287470
Teaching Accessibility: A Design Exploration of Faculty Professional Development at Scale,https://dl.acm.org/doi/10.1145/3287324.3287399
Session details: Paper Session: REU,https://dl.acm.org/doi/10.1145/3314822
Utilizing the Affinity Research Group Model in a Summer Research Experience for Undergraduates Program,https://dl.acm.org/doi/10.1145/3287324.3287501
Hello Research! Developing an Intensive Research Experience for Undergraduate Women,https://dl.acm.org/doi/10.1145/3287324.3287493
Session details: Paper Session: Expectations,https://dl.acm.org/doi/10.1145/3314823
Collaboration Versus Cheating: Reducing Code Plagiarism in an Online MS Computer Science Program,https://dl.acm.org/doi/10.1145/3287324.3287443
What Do CS1 Syllabi Reveal About Our Expectations of Introductory Programming Students?,https://dl.acm.org/doi/10.1145/3287324.3287485
Session details: Paper Session: Outreach,https://dl.acm.org/doi/10.1145/3314824
Computational Thinking Bins: Outreach and More,https://dl.acm.org/doi/10.1145/3287324.3287497
Applying Self-Determination Theory towards Motivating Young Women in Computer Science,https://dl.acm.org/doi/10.1145/3287324.3287389
Session details: Paper Session: Theory & Math,https://dl.acm.org/doi/10.1145/3314825
A Survey-based Exploration of Computer Science Student Perspectives on Mathematics,https://dl.acm.org/doi/10.1145/3287324.3287416
"Impact of Steps, Instruction, and Motivation on Learning Symbolic Reasoning Using an Online Tool",https://dl.acm.org/doi/10.1145/3287324.3287401
Session details: Paper Session: Pair Programming,https://dl.acm.org/doi/10.1145/3314826
Hybrid Pair Programming - A Promising Alternative to Standard Pair Programming,https://dl.acm.org/doi/10.1145/3287324.3287352
In Their Own Words: Gender Differences in Student Perceptions of Pair Programming,https://dl.acm.org/doi/10.1145/3287324.3287380
Session details: Paper Session: CSP,https://dl.acm.org/doi/10.1145/3314827
AP Computer Science Principles' Impact on the Landscape of High School Computer Science using Maryland as a Model,https://dl.acm.org/doi/10.1145/3287324.3287356
An Examination of the Correlation of Exploring Computer Science Course Performance and the Development of Programming Expertise,https://dl.acm.org/doi/10.1145/3287324.3287415
The History of the SIGCSE Submission and Review Software: From Paper to the Cloud?,https://dl.acm.org/doi/10.1145/3287324.3287427
Session details: Paper Session: Professional Development 2,https://dl.acm.org/doi/10.1145/3314828
"""I Impressed Myself With How Confident I Felt"": Reflections on a Computer Science Assessment for K-8 Teachers",https://dl.acm.org/doi/10.1145/3287324.3287478
Reflective Diary for Professional Development of Novice Teachers,https://dl.acm.org/doi/10.1145/3287324.3287448
Helping K--12 Teachers Get Unstuck with Scratch: The Design of an Online Professional Learning Experience,https://dl.acm.org/doi/10.1145/3287324.3287479
Session details: Paper Session: Mentorship,https://dl.acm.org/doi/10.1145/3314829
Perfect Match: Facilitating Study Partner Matching,https://dl.acm.org/doi/10.1145/3287324.3287344
A Structured Mentorship Model for Computer Science University Students in Kenya,https://dl.acm.org/doi/10.1145/3287324.3287447
A Flexible Curriculum for Promoting Inclusion through Peer Mentorship,https://dl.acm.org/doi/10.1145/3287324.3287434
Session details: Paper Session: Engagement,https://dl.acm.org/doi/10.1145/3314830
Student Engagement is Key to Broadening Participation in CS,https://dl.acm.org/doi/10.1145/3287324.3287438
Evaluating the Impact of Combination of Engagement Strategies in SEP-CyLE on Improve Student Learning of Programming Concepts,https://dl.acm.org/doi/10.1145/3287324.3287413
Non-Programming Activities for Engagement with Foundational Concepts in Introductory Programming,https://dl.acm.org/doi/10.1145/3287324.3287468
Session details: Paper Session: Access,https://dl.acm.org/doi/10.1145/3314831
A Teacher Workshop for Introducing Computational Thinking in Rural and Vulnerable Environments,https://dl.acm.org/doi/10.1145/3287324.3287456
"An Analysis through an Equity Lens of the Implementation of Computer Science in K-8 Classrooms in a Large, Urban School District",https://dl.acm.org/doi/10.1145/3287324.3287353
Increasing Capacity for Computer Science Education in Rural Areas through a Large-Scale Collective Impact Model,https://dl.acm.org/doi/10.1145/3287324.3287418
Session details: Paper Session: Culture & Language,https://dl.acm.org/doi/10.1145/3314832
The Role of Translanguaging in Computational Literacies: Documenting Middle School Bilinguals' Practices in Computer Science Integrated Units,https://dl.acm.org/doi/10.1145/3287324.3287368
A Cultural Computing Curriculum,https://dl.acm.org/doi/10.1145/3287324.3287439
Stitching the Loop with Electronic Textiles: Promoting Equity in High School Students' Competencies and Perceptions of Computer Science,https://dl.acm.org/doi/10.1145/3287324.3287426
Session details: Paper Session: Inclusion,https://dl.acm.org/doi/10.1145/3314833
How Faculty Negotiate,https://dl.acm.org/doi/10.1145/3287324.3287388
Infusing Cooperative Learning into AP Computer Science Principles Courses to Promote Engagement and Diversity,https://dl.acm.org/doi/10.1145/3287324.3287421
Computer Science Educators Stack Exchange: Perceptions of Equity and Gender Diversity in Computer Science,https://dl.acm.org/doi/10.1145/3287324.3287365
Session details: Paper Session: Blocks,https://dl.acm.org/doi/10.1145/3314834
Defining Tinkering Behavior in Open-ended Block-based Programming Assignments,https://dl.acm.org/doi/10.1145/3287324.3287437
Using Rubrics Integrating Design and Coding to Assess Middle School Students' Open-ended Block-based Programming Projects,https://dl.acm.org/doi/10.1145/3287324.3287412
Block-based Comprehension: Exploring and Explaining Student Outcomes from a Read-only Block-based Exam,https://dl.acm.org/doi/10.1145/3287324.3287348
"Women and Girls of Color in Computing: Exploring Current Trends, Emerging Opportunities, and Strategies for Meaningful Impact",https://dl.acm.org/doi/10.1145/3287324.3287341
Demystifying Language about Students' Varied Identities,https://dl.acm.org/doi/10.1145/3287324.3287513
Session details: Nifty Assignments,https://dl.acm.org/doi/10.1145/3314835
Nifty Assignments,https://dl.acm.org/doi/10.1145/3287324.3293871
"Panel: Making K-12 CS Education Accessibility a Norm, not an Exception",https://dl.acm.org/doi/10.1145/3287324.3287340
Embracing our Future: CS Courses and Curriculum for Non-CS-majors,https://dl.acm.org/doi/10.1145/3287324.3287553
Exploring Parallel Computing with OpenMP on the Raspberry Pi,https://dl.acm.org/doi/10.1145/3287324.3287535
Transform Your Computer Science Course with Specifications Grading,https://dl.acm.org/doi/10.1145/3287324.3287528
Narratives and Evaluation: How to Write Competitive NSF CS Education Proposals,https://dl.acm.org/doi/10.1145/3287324.3287531
Bringing Real-World Data and Visualizations of Student-Implemented Data Structures into Sophomore CS Courses Using BRIDGES ,https://dl.acm.org/doi/10.1145/3287324.3287536
Guiding Students to Discover CS Concepts and Develop Process Skills Using POGIL,https://dl.acm.org/doi/10.1145/3287324.3287539
Security Labs for Software Defined Networks in CloudLab,https://dl.acm.org/doi/10.1145/3287324.3287538
Programming Smart Contracts in Ethereum Blockchain using Solidity,https://dl.acm.org/doi/10.1145/3287324.3287542
Assessing Writing in CS: A Hands-on Workshop,https://dl.acm.org/doi/10.1145/3287324.3287544
Computing Infrastructure and Curriculum Design for Introductory Data Science,https://dl.acm.org/doi/10.1145/3287324.3287556
"Adopting, Integrating, and Evaluating Computational Creativity Exercises to Improve Student Learning",https://dl.acm.org/doi/10.1145/3287324.3287529
Using Raspberry Pi as a Platform for Teaching Cybersecurity Concepts,https://dl.acm.org/doi/10.1145/3287324.3287534
Using Subgoal Labeling in Teaching CS1,https://dl.acm.org/doi/10.1145/3287324.3287540
"Micro: bit Magic: Engaging K-12, CS1/2, and Non-majors with IoT & Embedded",https://dl.acm.org/doi/10.1145/3287324.3287527
Integrating Agent-based Modeling in STEM Classes: From Blocks to Text and Back?,https://dl.acm.org/doi/10.1145/3287324.3287546
SciGirls Code: Creative Robotics for Tween Girls in Out of School Time,https://dl.acm.org/doi/10.1145/3287324.3287552
Competency-Based Education: The Future of Learning,https://dl.acm.org/doi/10.1145/3287324.3287555
Playing with and Creating Practice Spaces for Equitable Teaching,https://dl.acm.org/doi/10.1145/3287324.3287530
Code Crafting Curriculum: A Textile Crafts Approach to Computer Science,https://dl.acm.org/doi/10.1145/3287324.3287532
Make and Take an Ethics Module: Ethics Across the CS Curriculum,https://dl.acm.org/doi/10.1145/3287324.3287543
Using and Customizing Open-Source Runestone Ebooks for Computer Science Classes,https://dl.acm.org/doi/10.1145/3287324.3287545
To Dissemination... And Beyond!: Building Better Propagation Plans for Computer Science Education Innovations,https://dl.acm.org/doi/10.1145/3287324.3287550
Architecting Serverless Microservices on the Cloud with AWS,https://dl.acm.org/doi/10.1145/3287324.3287533
NSF Interactive Discussion: Computer Science Undergraduate Education in 2026 and Beyond,https://dl.acm.org/doi/10.1145/3287324.3287537
CyberPaths: Cyber Security Labs for Liberal Arts Institutions Using the NSF Global Environment for Network Innovations (GENI),https://dl.acm.org/doi/10.1145/3287324.3287541
Modernizing Early CS Courses with Parallel and Distributed Computing,https://dl.acm.org/doi/10.1145/3287324.3287548
An Afternoon with an AP Computer Science A Exam Reader,https://dl.acm.org/doi/10.1145/3287324.3287549
Interactive Programming Environments for Teachers and Students,https://dl.acm.org/doi/10.1145/3287324.3287554
Big Data Analytics with Spark,https://dl.acm.org/doi/10.1145/3287324.3287551
Booting Into AI: Startup Instructions for Teaching Artificial Intelligence,https://dl.acm.org/doi/10.1145/3287324.3287547
Session details: Birds of a Feather Flock #1,https://dl.acm.org/doi/10.1145/3314836
Towards a More Inclusive Tech Culture: Promoting Professionalism in CS Classrooms and Labs,https://dl.acm.org/doi/10.1145/3287324.3293742
AI for K-12: Making Room for AI in K-12 CS Curricula,https://dl.acm.org/doi/10.1145/3287324.3293729
Toward an Anti-Racist Theory of Computational Curricula,https://dl.acm.org/doi/10.1145/3287324.3293738
What to Make of Makerspaces,https://dl.acm.org/doi/10.1145/3287324.3297796
Can Game Elements Make Computer Science Courses More Attractive?,https://dl.acm.org/doi/10.1145/3287324.3293726
Discussion of Integrating Hands-on Cybersecurity Exercises into the Curriculum in 2019,https://dl.acm.org/doi/10.1145/3287324.3293746
Teaching Track Faculty in CS,https://dl.acm.org/doi/10.1145/3287324.3293722
Computing Competencies and the CC2020 Project,https://dl.acm.org/doi/10.1145/3287324.3293724
A Town Meeting: SIGCSE Committee on Expanding the Women-in-Computing Community,https://dl.acm.org/doi/10.1145/3287324.3293725
The Problem of Packaging Curricular Materials,https://dl.acm.org/doi/10.1145/3287324.3293732
Modernizing the Mathematics Taught in Computer Science,https://dl.acm.org/doi/10.1145/3287324.3293748
Teaching Human-Centered Design in CSE Programs,https://dl.acm.org/doi/10.1145/3287324.3293731
Incorporating Computing for Social Good in Computing Education,https://dl.acm.org/doi/10.1145/3287324.3293740
How Can We Make Office Hours Better?,https://dl.acm.org/doi/10.1145/3287324.3293741
Supporting Students Living With Mental Illness,https://dl.acm.org/doi/10.1145/3287324.3293730
Session details: Birds of a Feather Flock #2,https://dl.acm.org/doi/10.1145/3314837
Academic Cybersecurity Disciplinary Foundations and Accreditation,https://dl.acm.org/doi/10.1145/3287324.3293728
Sponsoring Girls Who Code Clubs,https://dl.acm.org/doi/10.1145/3287324.3293736
Developing a Contemporary and Innovative Operating Systems Course,https://dl.acm.org/doi/10.1145/3287324.3293734
Co-Curricular Activities in Computer Science Departments,https://dl.acm.org/doi/10.1145/3287324.3293735
Access to Computing Education for Students with Disabilities,https://dl.acm.org/doi/10.1145/3287324.3293723
Building Bridges for Data Science Education,https://dl.acm.org/doi/10.1145/3287324.3293745
Birds of a Feather Who'd Like to Share Software Together: Teaching Tools that Improve Efficiency and Outcomes,https://dl.acm.org/doi/10.1145/3287324.3297795
Bringing Reflection into Computer Science Education,https://dl.acm.org/doi/10.1145/3287324.3293733
Undergraduate TA and Mentor Programs in Computer Science,https://dl.acm.org/doi/10.1145/3287324.3293744
"Auto-Graded Programming Labs: Dos and Don'ts for Less-Stressed Higher-Performing Students, Reduced Grading Time, and Happier Teachers,",https://dl.acm.org/doi/10.1145/3287324.3293727
POGIL in Computer Science for Beginners and Experts,https://dl.acm.org/doi/10.1145/3287324.3293737
Broadening Participation in Computing: A Call to Action for Universities and Community Colleges,https://dl.acm.org/doi/10.1145/3287324.3293747
Enriching Courses on Computers and Society and Computer Ethics,https://dl.acm.org/doi/10.1145/3287324.3293721
Exploring Programming Instruction in Multidisciplinary Contexts,https://dl.acm.org/doi/10.1145/3287324.3293739
"How Can We Engage in Inclusive, Culturally Responsive Computer Science?",https://dl.acm.org/doi/10.1145/3287324.3293743
Session details: Poster Session #1,https://dl.acm.org/doi/10.1145/3314838
Coding Pedagogy for the Liberal Arts: An Online Publication,https://dl.acm.org/doi/10.1145/3287324.3297797
Online or In Person?: Student Motivations in the Choice of a CS1 Experience,https://dl.acm.org/doi/10.1145/3287324.3293783
viCyber: An Intelligent Curriculum Design Tool for Cybersecurity Education,https://dl.acm.org/doi/10.1145/3287324.3293788
Establishing Computational Thinking as Just Another Tool in the Problem Solving Tool Box,https://dl.acm.org/doi/10.1145/3287324.3293792
Questioning the Board in Computer Science Education Board Games,https://dl.acm.org/doi/10.1145/3287324.3293793
Creating a Tech-in-Residence Corps of Industry Adjuncts: An Academic/Government/Industry Partnership,https://dl.acm.org/doi/10.1145/3287324.3293801
Encouraging Reflection in Support of Learning Data Structures,https://dl.acm.org/doi/10.1145/3287324.3293802
The Development and Validation of Survey Items on Upper Elementary Students' Perspectives and Attitudes on CS,https://dl.acm.org/doi/10.1145/3287324.3293829
Fostering State-level Change In CS Education: The Expanding Computing Education Pathways Alliance,https://dl.acm.org/doi/10.1145/3287324.3293812
"Teaching and Assessing Debugging, Testing, and Coding Style with Recursive Pedagogy using Spinoza",https://dl.acm.org/doi/10.1145/3287324.3293814
Towards Learning Analytics in Cybersecurity Capture the Flag Games,https://dl.acm.org/doi/10.1145/3287324.3293816
"Boxes, Bumps & Breakfast: Object Lessons for Teaching Undergraduates the Importance of Human-Centered Research & Analysis",https://dl.acm.org/doi/10.1145/3287324.3293817
Situated Learning in Systems-Level Coursework,https://dl.acm.org/doi/10.1145/3287324.3293818
Messy Learning: When Problem-based Learning Just Isn't Enough,https://dl.acm.org/doi/10.1145/3287324.3293819
Evaluating the Effect of Follow-up Questions in an Online Exercise,https://dl.acm.org/doi/10.1145/3287324.3293827
What Can the Reid List of First Programming Languages Teach Us About Teaching CS1?,https://dl.acm.org/doi/10.1145/3287324.3293830
Game Engines Construction to Motivate Computing Concepts: Build from Scratch or Leverage Existing Systems,https://dl.acm.org/doi/10.1145/3287324.3293831
"An Analysis of Upper Elementary and Middle Grade Teachers' Perceptions, Concerns and Goals for Integrating CS into Classrooms",https://dl.acm.org/doi/10.1145/3287324.3293821
Integrating Computational Thinking in Informal and Formal Science and Math Activities for Preschool Learners,https://dl.acm.org/doi/10.1145/3287324.3293837
Undergraduate Computer Science Student Perceptions of their Own Field,https://dl.acm.org/doi/10.1145/3287324.3293838
Overcoming Doubt: Workshop Aimed at Giving Students Strategies to Build Their Authentic Self-Esteem Within Their Computing Major,https://dl.acm.org/doi/10.1145/3287324.3293839
Debriefing Lab Content Using Active Learning,https://dl.acm.org/doi/10.1145/3287324.3293843
Graduate Curriculum Initiative - COSMIC: Change Opportunity - Start Masters in Computing,https://dl.acm.org/doi/10.1145/3287324.3293846
An Investigation of Learning Outcomes Between Two Teaching Modalities to Improve Student Learning in Online Courses,https://dl.acm.org/doi/10.1145/3287324.3293848
University-Industry Collaboration in Curriculum Design: A Case Study of Curriculum Design for Early Undergraduate Computer Science Coursework with an Eye on Equity,https://dl.acm.org/doi/10.1145/3287324.3293850
A Peer Based Tutoring and Mentoring Model for First Year Computer Science Courses Based on Strategies Used by Songbirds for Learning,https://dl.acm.org/doi/10.1145/3287324.3293853
Changing Teaching Assistant's Behavior Based on Learning Support Strategies for Programming Exercise,https://dl.acm.org/doi/10.1145/3287324.3293857
Using Bloom's Taxonomy to Write Effective Programming Questions for Autograding Tools,https://dl.acm.org/doi/10.1145/3287324.3293858
Utilizing Participatory Design to Develop a Culturally Relevant Computer Science Curriculum,https://dl.acm.org/doi/10.1145/3287324.3293803
Exploring the Mental Models of Undergraduate Programmers in the Context of Linked Lists,https://dl.acm.org/doi/10.1145/3287324.3293862
Session details: Poster Session #2,https://dl.acm.org/doi/10.1145/3314839
Enhancing Essential Data Skills for College-wide Students,https://dl.acm.org/doi/10.1145/3287324.3293782
Data Protection with SMSD Labware,https://dl.acm.org/doi/10.1145/3287324.3293785
Applying Project-Based Learning for An Online Object-Oriented Systems Course,https://dl.acm.org/doi/10.1145/3287324.3293786
Use Bots to Improve GitHub Pull-Request Feedback,https://dl.acm.org/doi/10.1145/3287324.3293787
Student Debugging Practices and Their Relationships with Project Outcomes,https://dl.acm.org/doi/10.1145/3287324.3293794
Using Interactive Visualization and Programmed Instruction to Teach Formal Languages,https://dl.acm.org/doi/10.1145/3287324.3293795
Benefits of Physical Interaction with Array Elements and Code Consolidation on Student Comprehension of Sorting Algorithms,https://dl.acm.org/doi/10.1145/3287324.3293797
An Investigation of Conflicts Between Upper-Elementary Pair Programmers,https://dl.acm.org/doi/10.1145/3287324.3293799
Job Placement Experience of Alumni from a 3-year CS Program,https://dl.acm.org/doi/10.1145/3287324.3293805
Creating Co-curricular Programs to Improve CS Student Identity and Sense of Belonging,https://dl.acm.org/doi/10.1145/3287324.3293808
Engaging Alumni Mentors in Software Engineering Project Courses,https://dl.acm.org/doi/10.1145/3287324.3293811
Lessons Learned in 10 years of Distributed Systems Capstones,https://dl.acm.org/doi/10.1145/3287324.3293813
Improving Programming Skills Through Classroom Presentation of Assignments,https://dl.acm.org/doi/10.1145/3287324.3293820
Mobile App Development: Android or iOS? An Experience Report from Teaching Both Platforms,https://dl.acm.org/doi/10.1145/3287324.3293822
Building Trust in Computer Science Research-Practice Partnerships: A Theme Study,https://dl.acm.org/doi/10.1145/3287324.3293815
Understand the Emerging Demands of Computing Education for Non-CS Major Students,https://dl.acm.org/doi/10.1145/3287324.3293826
"Infusing CS Graduate Transition Curriculum with Professional, Technical and Data Science Competencies",https://dl.acm.org/doi/10.1145/3287324.3293828
Towards Encapsulated Cyber Security Labs: A Container Based Approach,https://dl.acm.org/doi/10.1145/3287324.3293832
The Institute of Coding: A University-Industry Collaboration to Address the UK Digital Skills Crisis,https://dl.acm.org/doi/10.1145/3287324.3293834
Computer Science Problem Solving Course: Practical and Technical Thinking Skills for CS Majors,https://dl.acm.org/doi/10.1145/3287324.3293844
Design of a Gateway for Open Source Software Development in a Traditional CS Curriculum,https://dl.acm.org/doi/10.1145/3287324.3293847
Inclusive Experiences Using HFOSS in a Senior Computer Science Elective,https://dl.acm.org/doi/10.1145/3287324.3293849
A Neural Network Model for a Tutoring Companion Supporting Students in a Programming with Java Course,https://dl.acm.org/doi/10.1145/3287324.3293851
Assessing Middle School Students' Computational Thinking Through Programming Trajectory Analysis,https://dl.acm.org/doi/10.1145/3287324.3293798
Evaluating Student Engagement towards Integrating Parallel and Distributed Computing (PDC) Topics in Undergraduate Level Computer Science Curriculum,https://dl.acm.org/doi/10.1145/3287324.3293854
"Dynamic Recitation: A Student-Focused, Goal-Oriented Recitation Management Platform",https://dl.acm.org/doi/10.1145/3287324.3293859
Sentiment Analysis across the Courses of a MOOC Specialization,https://dl.acm.org/doi/10.1145/3287324.3293864
Using an Art Museum Field Trip to Spark Classroom Discussions about Mobile App Design,https://dl.acm.org/doi/10.1145/3287324.3293865
"Lichen: Customizable, Open Source Plagiarism Detection in Submitty",https://dl.acm.org/doi/10.1145/3287324.3293867
Facilitating Discussion-Based Grading and Private Channels via an Integrated Forum,https://dl.acm.org/doi/10.1145/3287324.3293869
Session details: Poster Session #3,https://dl.acm.org/doi/10.1145/3314840
Introducing Theoretical Computer Concepts in Secondary Education,https://dl.acm.org/doi/10.1145/3287324.3293784
Girls in Engineering Draw a Computer Scientist,https://dl.acm.org/doi/10.1145/3287324.3293789
What does it take to Teach K12 Computer Science?: Exploring Teachers' Attitudes Towards Teaching CS K12 in Georgia,https://dl.acm.org/doi/10.1145/3287324.3293790
Implementing CS0 with Computer Science Principles Curriculum,https://dl.acm.org/doi/10.1145/3287324.3293791
Linear Data Structures: A Comparison of Novice and Expert Teacher Pedagogical Content Knowledge,https://dl.acm.org/doi/10.1145/3287324.3293796
SciGirls Code: Computational Participation for Middle School Girls,https://dl.acm.org/doi/10.1145/3287324.3293800
Every Little Bit Counts: Experiences and Lessons Learned Building a Community Outreach Program from the Ground Up,https://dl.acm.org/doi/10.1145/3287324.3293804
Machine Learning: An Introductory Unit of Study for Secondary Education,https://dl.acm.org/doi/10.1145/3287324.3293806
Comparing the Effects of Using a Tangible Object or a Simulation in Learning Elementary CS Concepts: A Case Study with Block-Based Programming,https://dl.acm.org/doi/10.1145/3287324.3293809
Collaborative Coding and Composing of JazzHands: Integrating the Learning of Advanced Computational Concepts with Electronic Textiles to Make Music Wearables,https://dl.acm.org/doi/10.1145/3287324.3293810
Collaboration: Developing and Piloting a Cybersecurity Curriculum for Middle School,https://dl.acm.org/doi/10.1145/3287324.3293824
Building Computer Science K-12 PLCs in Rural Communities,https://dl.acm.org/doi/10.1145/3287324.3293825
Computational Thinking in the Making: Lessons for Second Graders in a STEM Computer Science Immersion School,https://dl.acm.org/doi/10.1145/3287324.3293833
CodeNC: Integrating Computational Thinking into K-12 Instructional Activities using Animated Videos,https://dl.acm.org/doi/10.1145/3287324.3293835
An Interactive Teaching Tool for Introducing Novices to Machine Translation,https://dl.acm.org/doi/10.1145/3287324.3293840
Teacher Beliefs in Student Capabilities as a Mediating Factor in a Novel Understanding of Enactment of CT Curriculum,https://dl.acm.org/doi/10.1145/3287324.3293841
Exploring the Definition of Computational Thinking in Research and the Classroom,https://dl.acm.org/doi/10.1145/3287324.3293842
Curated Pathways to Innovation: Personalized CS Education to Promote Diversity,https://dl.acm.org/doi/10.1145/3287324.3293845
Using Music to Foster Engagement in Introductory Computing Courses,https://dl.acm.org/doi/10.1145/3287324.3293855
Sorting Out Algorithms: What Makes One Better than Another?,https://dl.acm.org/doi/10.1145/3287324.3293856
Four Scope-Related Misconceptions Held by Computer Science Students,https://dl.acm.org/doi/10.1145/3287324.3293860
"Snap! A Look at 5 Years, 250,000 Users and 2 Million Projects",https://dl.acm.org/doi/10.1145/3287324.3293863
ECS4Alabama: A State-Wide Effort to Provide Access to Authentic Computer Science Education in Predominantly Rural and High Minority Schools,https://dl.acm.org/doi/10.1145/3287324.3293866
Don't Forget About Us: Understanding Rural and Small Town Principals' Values Toward Computer Science,https://dl.acm.org/doi/10.1145/3287324.3293868
Integrated STEM+C learning for K-2 aged children: CT competencies as a precursor to K-2 computer science education,https://dl.acm.org/doi/10.1145/3287324.3293870
Using an Intelligent Tutoring System to Teach Red Black Trees,https://dl.acm.org/doi/10.1145/3287324.3293823
"Code For Her: Exploring Female and Gender-Diverse Computing Workshops for Faculty, Staff, and Students",https://dl.acm.org/doi/10.1145/3287324.3293852
Rubric to Evaluate Programming Learning of Elementary School Students,https://dl.acm.org/doi/10.1145/3287324.3293807
Giving Students Canned Code using Typing Exercises,https://dl.acm.org/doi/10.1145/3287324.3293836
Using an Art Show in CS1 to Spark Interest in Computer Science,https://dl.acm.org/doi/10.1145/3287324.3293861
Session details: Lightning Talks #1,https://dl.acm.org/doi/10.1145/3314841
Building a Community of Undergraduate Women: Ambassadors for Computing Outreach,https://dl.acm.org/doi/10.1145/3287324.3293771
Introduction to Ipsative Assessment,https://dl.acm.org/doi/10.1145/3287324.3293776
Every Marathon Starts with the First Mile: Early Successes in Broadening Participation in K-12 CS,https://dl.acm.org/doi/10.1145/3287324.3293760
Sports Analytics as a Context for Computational Thinking in K-12 Education,https://dl.acm.org/doi/10.1145/3287324.3293773
Programming Politics: Using p5.js to Create Interactive Art Connected to Current Events,https://dl.acm.org/doi/10.1145/3287324.3293762
Online Mob Programming: Effective Collaborative Project-Based Learning,https://dl.acm.org/doi/10.1145/3287324.3293774
Thinking about Computational Thinking: Lessons from Education Research,https://dl.acm.org/doi/10.1145/3287324.3293763
Assessing the Impact of Sustainability-Themed Programming Assignments,https://dl.acm.org/doi/10.1145/3287324.3293764
"More than a Bootcamp, Less than a Degree: A One-Year Program to Retrain Industry Employees as Developers",https://dl.acm.org/doi/10.1145/3287324.3293766
Experiences using Discord as Platform for Online Tutoring and Building a CS Community,https://dl.acm.org/doi/10.1145/3287324.3293769
A Research-Oriented EPIC Course - Applying Mobile Technologies to Biomedical Research Questions,https://dl.acm.org/doi/10.1145/3287324.3293777
Session details: Lightning Talks: Lightning Talks #2,https://dl.acm.org/doi/10.1145/3314842
Micro-Volunteering and Virtual-Volunteering as Pedagogical Tools in Computer Science Instruction,https://dl.acm.org/doi/10.1145/3287324.3293775
5 Lessons on Supporting CSforAll in K12 School Districts,https://dl.acm.org/doi/10.1145/3287324.3293767
Promoting Mastery Learning in an Introductory Programming Course,https://dl.acm.org/doi/10.1145/3287324.3293780
Teaching RSA: What Happens When One of Your Primes Isn't?,https://dl.acm.org/doi/10.1145/3287324.3293761
Recognizing and Questioning the CT Education Paradigm,https://dl.acm.org/doi/10.1145/3287324.3293765
Consistency when Teaching Multiple Sections: Live Lecture Recordings Reviewed and Discussed with Students,https://dl.acm.org/doi/10.1145/3287324.3293768
Improving Access to Internships with an On-Campus Software Development Center,https://dl.acm.org/doi/10.1145/3287324.3293779
Increase K-12 Cyber Competency to Prevent Cyberbullying,https://dl.acm.org/doi/10.1145/3287324.3293770
Historical High School Computer Science Curriculum and Current K-12 Initiatives,https://dl.acm.org/doi/10.1145/3287324.3293772
Improving Retention through Team-Based Learning Finch Labs and Peer-Educators in Intro to Programming,https://dl.acm.org/doi/10.1145/3287324.3293781
Session details: Demonstrations,https://dl.acm.org/doi/10.1145/3314843
Applying Bioinformatics to Assignment Evaluation: A New Approach for Pattern Recognition in Open-Ended CS Assignments,https://dl.acm.org/doi/10.1145/3287324.3293752
Integrating Computational Modeling in K-12 STEM Classrooms,https://dl.acm.org/doi/10.1145/3287324.3293757
Building Simple Games With BRIDGES,https://dl.acm.org/doi/10.1145/3287324.3293758
Engaging in Logical Code Reasoning with an Activity-Based Online Tool,https://dl.acm.org/doi/10.1145/3287324.3293754
Hands-on Cybersecurity Exercises that are Easy to Access,https://dl.acm.org/doi/10.1145/3287324.3293759
Gamifying Computer Science Courses with OneUp,https://dl.acm.org/doi/10.1145/3287324.3293751
Code Defenders: A Mutation Testing Game,https://dl.acm.org/doi/10.1145/3287324.3293753
"An Interactive, Graphical Simulator for Teaching Operating Systems",https://dl.acm.org/doi/10.1145/3287324.3293756
NetsBlox and Wireless Robots Make Cybersecurity Fun,https://dl.acm.org/doi/10.1145/3287324.3293749
Blocks4All: Making Blocks-Based Programming Languages Accessible for Children with Visual Impairments,https://dl.acm.org/doi/10.1145/3287324.3293755
CodeBuddy (Collaborative Software Development Environment): In- and Out-Class Practice for Remote Pair-Programming with Monitoring Coding Students' Progress,https://dl.acm.org/doi/10.1145/3287324.3293750
